{"cameraMode":{"drawMode":0,"name":"Shaded","section":"Shading Mode"},"sceneLighting":true,"audioPlay":false,"sceneViewState":{"showFog":true,"showMaterialUpdate":false,"showSkybox":true,"showFlares":true,"showImageEffects":true,"showParticleSystems":true},"in2DMode":false,"pivot":{"x":-21.6597900390625,"y":14.169349670410157,"z":98.62844848632813},"rotation":{"x":0.17029574513435365,"y":-0.38315483927726748,"z":0.07209939509630203,"w":0.9049837589263916},"size":1132.820556640625,"orthographic":false}