{"cameraMode":{"drawMode":0,"name":"Shaded","section":"Shading Mode"},"sceneLighting":true,"audioPlay":false,"sceneViewState":{"showFog":true,"showMaterialUpdate":false,"showSkybox":true,"showFlares":true,"showImageEffects":true,"showParticleSystems":true},"in2DMode":false,"pivot":{"x":-122.29689025878906,"y":48.682861328125,"z":-53.654052734375},"rotation":{"x":-0.39934399724006655,"y":0.09953705221414566,"z":-0.04366365075111389,"w":-0.9103373289108276},"size":527.3478393554688,"orthographic":false}