{"cameraMode":{"drawMode":0,"name":"Shaded","section":"Shading Mode"},"sceneLighting":true,"audioPlay":false,"sceneViewState":{"showFog":true,"showMaterialUpdate":false,"showSkybox":true,"showFlares":true,"showImageEffects":true,"showParticleSystems":true},"in2DMode":false,"pivot":{"x":19.17680549621582,"y":19.877567291259767,"z":51.740196228027347},"rotation":{"x":0.058688949793577197,"y":-0.296392023563385,"z":0.018250860273838044,"w":0.9530880451202393},"size":88.8846435546875,"orthographic":false}