{"cameraMode":{"drawMode":0,"name":"Shaded","section":"Shading Mode"},"sceneLighting":true,"audioPlay":false,"sceneViewState":{"showFog":true,"showMaterialUpdate":false,"showSkybox":true,"showFlares":true,"showImageEffects":true,"showParticleSystems":true},"in2DMode":false,"pivot":{"x":-41.004234313964847,"y":40.5789794921875,"z":-232.13427734375},"rotation":{"x":0.007752185687422752,"y":0.9890893697738648,"z":-0.1358555108308792,"w":0.056439317762851718},"size":31.427703857421876,"orthographic":false}